id,answer1_target
9001,chosen
9002,chosen
9003,chosen
9004,chosen
9005,chosen
9006,chosen
9007,chosen
9008,chosen
9009,chosen
9010,chosen
9011,chosen
9012,chosen
9013,chosen
9014,chosen
9015,chosen
9016,chosen
9017,chosen
9018,chosen
9019,chosen
9020,chosen
9021,chosen
9022,chosen
9023,chosen
9024,chosen
9025,chosen
9026,chosen
9027,chosen
9028,chosen
9029,chosen
9030,chosen
9031,chosen
9032,chosen
9033,chosen
9034,chosen
9035,chosen
9036,chosen
9037,chosen
9038,chosen
9039,chosen
9040,chosen
9041,chosen
9042,chosen
9043,chosen
9044,chosen
9045,chosen
9046,chosen
9047,chosen
9048,chosen
9049,chosen
9050,chosen
9051,chosen
9052,chosen
9053,chosen
9054,chosen
9055,chosen
9056,chosen
9057,chosen
9058,chosen
9059,chosen
9060,chosen
9061,chosen
9062,chosen
9063,chosen
9064,chosen
9065,chosen
9066,chosen
9067,chosen
9068,chosen
9069,chosen
9070,chosen
9071,chosen
9072,chosen
9073,chosen
9074,chosen
9075,chosen
9076,chosen
9077,chosen
9078,chosen
9079,chosen
9080,chosen
9081,chosen
9082,chosen
9083,chosen
9084,chosen
9085,chosen
9086,chosen
9087,chosen
9088,chosen
9089,chosen
9090,chosen
9091,chosen
9092,chosen
9093,chosen
9094,chosen
9095,chosen
9096,chosen
9097,chosen
9098,chosen
9099,chosen
9100,chosen
9101,chosen
9102,chosen
9103,chosen
9104,chosen
9105,chosen
9106,chosen
9107,chosen
9108,chosen
9109,chosen
9110,chosen
9111,chosen
9112,chosen
9113,chosen
9114,chosen
9115,chosen
9116,chosen
9117,chosen
9118,chosen
9119,chosen
9120,chosen
9121,chosen
9122,chosen
9123,chosen
9124,chosen
9125,chosen
9126,chosen
9127,chosen
9128,chosen
9129,chosen
9130,chosen
9131,chosen
9132,chosen
9133,chosen
9134,chosen
9135,chosen
9136,chosen
9137,chosen
9138,chosen
9139,chosen
9140,chosen
9141,chosen
9142,chosen
9143,chosen
9144,chosen
9145,chosen
9146,chosen
9147,chosen
9148,chosen
9149,chosen
9150,chosen
9151,chosen
9152,chosen
9153,chosen
9154,chosen
9155,chosen
9156,chosen
9157,chosen
9158,chosen
9159,chosen
9160,chosen
9161,chosen
9162,chosen
9163,chosen
9164,chosen
9165,chosen
9166,chosen
9167,chosen
9168,chosen
9169,chosen
9170,chosen
9171,chosen
9172,chosen
9173,chosen
9174,chosen
9175,chosen
9176,chosen
9177,chosen
9178,chosen
9179,chosen
9180,chosen
9181,chosen
9182,chosen
9183,chosen
9184,chosen
9185,chosen
9186,chosen
9187,chosen
9188,chosen
9189,chosen
9190,chosen
9191,chosen
9192,chosen
9193,chosen
9194,chosen
9195,chosen
9196,chosen
9197,chosen
9198,chosen
9199,chosen
9200,chosen
9201,chosen
9202,chosen
9203,chosen
9204,chosen
9205,chosen
9206,chosen
9207,chosen
9208,chosen
9209,chosen
9210,chosen
9211,chosen
9212,chosen
9213,chosen
9214,chosen
9215,chosen
9216,chosen
9217,chosen
9218,chosen
9219,chosen
9220,chosen
9221,chosen
9222,chosen
9223,chosen
9224,chosen
9225,chosen
9226,chosen
9227,chosen
9228,chosen
9229,chosen
9230,chosen
9231,chosen
9232,chosen
9233,chosen
9234,chosen
9235,chosen
9236,chosen
9237,chosen
9238,chosen
9239,chosen
9240,chosen
9241,chosen
9242,chosen
9243,chosen
9244,chosen
9245,chosen
9246,chosen
9247,chosen
9248,chosen
9249,chosen
9250,chosen
9251,chosen
9252,chosen
9253,chosen
9254,chosen
9255,chosen
9256,chosen
9257,chosen
9258,chosen
9259,chosen
9260,chosen
9261,chosen
9262,chosen
9263,chosen
9264,chosen
9265,chosen
9266,chosen
9267,chosen
9268,chosen
9269,chosen
9270,chosen
9271,chosen
9272,chosen
9273,chosen
9274,chosen
9275,chosen
9276,chosen
9277,chosen
9278,chosen
9279,chosen
9280,chosen
9281,chosen
9282,chosen
9283,chosen
9284,chosen
9285,chosen
9286,chosen
9287,chosen
9288,chosen
9289,chosen
9290,chosen
9291,chosen
9292,chosen
9293,chosen
9294,chosen
9295,chosen
9296,chosen
9297,chosen
9298,chosen
9299,chosen
9300,chosen
9301,chosen
9302,chosen
9303,chosen
9304,chosen
9305,chosen
9306,chosen
9307,chosen
9308,chosen
9309,chosen
9310,chosen
9311,chosen
9312,chosen
9313,chosen
9314,chosen
9315,chosen
9316,chosen
9317,chosen
9318,chosen
9319,chosen
9320,chosen
9321,chosen
9322,chosen
9323,chosen
9324,chosen
9325,chosen
9326,chosen
9327,chosen
9328,chosen
9329,chosen
9330,chosen
9331,chosen
9332,chosen
9333,chosen
9334,chosen
9335,chosen
9336,chosen
9337,chosen
9338,chosen
9339,chosen
9340,chosen
9341,chosen
9342,chosen
9343,chosen
9344,chosen
9345,chosen
9346,chosen
9347,chosen
9348,chosen
9349,chosen
9350,chosen
9351,chosen
9352,chosen
9353,chosen
9354,chosen
9355,chosen
9356,chosen
9357,chosen
9358,chosen
9359,chosen
9360,chosen
9361,chosen
9362,chosen
9363,chosen
9364,chosen
9365,chosen
9366,chosen
9367,chosen
9368,chosen
9369,chosen
9370,chosen
9371,chosen
9372,chosen
9373,chosen
9374,chosen
9375,chosen
9376,chosen
9377,chosen
9378,chosen
9379,chosen
9380,chosen
9381,chosen
9382,chosen
9383,chosen
9384,chosen
9385,chosen
9386,chosen
9387,chosen
9388,chosen
9389,chosen
9390,chosen
9391,chosen
9392,chosen
9393,chosen
9394,chosen
9395,chosen
9396,chosen
9397,chosen
9398,chosen
9399,chosen
9400,chosen
9401,chosen
9402,chosen
9403,chosen
9404,chosen
9405,chosen
9406,chosen
9407,chosen
9408,chosen
9409,chosen
9410,chosen
9411,chosen
9412,chosen
9413,chosen
9414,chosen
9415,chosen
9416,chosen
9417,chosen
9418,chosen
9419,chosen
9420,chosen
9421,chosen
9422,chosen
9423,chosen
9424,chosen
9425,chosen
9426,chosen
9427,chosen
9428,chosen
9429,chosen
9430,chosen
9431,chosen
9432,chosen
9433,chosen
9434,chosen
9435,chosen
9436,chosen
9437,chosen
9438,chosen
9439,chosen
9440,chosen
9441,chosen
9442,chosen
9443,chosen
9444,chosen
9445,chosen
9446,chosen
9447,chosen
9448,chosen
9449,chosen
9450,chosen
9451,chosen
9452,chosen
9453,chosen
9454,chosen
9455,chosen
9456,chosen
9457,chosen
9458,chosen
9459,chosen
9460,chosen
9461,chosen
9462,chosen
9463,chosen
9464,chosen
9465,chosen
9466,chosen
9467,chosen
9468,chosen
9469,chosen
9470,chosen
9471,chosen
9472,chosen
9473,chosen
9474,chosen
9475,chosen
9476,chosen
9477,chosen
9478,chosen
9479,chosen
9480,chosen
9481,chosen
9482,chosen
9483,chosen
9484,chosen
9485,chosen
9486,chosen
9487,chosen
9488,chosen
9489,chosen
9490,chosen
9491,chosen
9492,chosen
9493,chosen
9494,chosen
9495,chosen
9496,chosen
9497,chosen
9498,chosen
9499,chosen
9500,chosen
9501,chosen
9502,chosen
9503,chosen
9504,chosen
9505,chosen
9506,chosen
9507,chosen
9508,chosen
9509,chosen
9510,chosen
9511,chosen
9512,chosen
9513,chosen
9514,chosen
9515,chosen
9516,chosen
9517,chosen
9518,chosen
9519,chosen
9520,chosen
9521,chosen
9522,chosen
9523,chosen
9524,chosen
9525,chosen
9526,chosen
9527,chosen
9528,chosen
9529,chosen
9530,chosen
9531,chosen
9532,chosen
9533,chosen
9534,chosen
9535,chosen
9536,chosen
9537,chosen
9538,chosen
9539,chosen
9540,chosen
9541,chosen
9542,chosen
9543,chosen
9544,chosen
9545,chosen
9546,chosen
9547,chosen
9548,chosen
9549,chosen
9550,chosen
9551,chosen
9552,chosen
9553,chosen
9554,chosen
9555,chosen
9556,chosen
9557,chosen
9558,chosen
9559,chosen
9560,chosen
9561,chosen
9562,chosen
9563,chosen
9564,chosen
9565,chosen
9566,chosen
9567,chosen
9568,chosen
9569,chosen
9570,chosen
9571,chosen
9572,chosen
9573,chosen
9574,chosen
9575,chosen
9576,chosen
9577,chosen
9578,chosen
9579,chosen
9580,chosen
9581,chosen
9582,chosen
9583,chosen
9584,chosen
9585,chosen
9586,chosen
9587,chosen
9588,chosen
9589,chosen
9590,chosen
9591,chosen
9592,chosen
9593,chosen
9594,chosen
9595,chosen
9596,chosen
9597,chosen
9598,chosen
9599,chosen
9600,chosen
9601,chosen
9602,chosen
9603,chosen
9604,chosen
9605,chosen
9606,chosen
9607,chosen
9608,chosen
9609,chosen
9610,chosen
9611,chosen
9612,chosen
9613,chosen
9614,chosen
9615,chosen
9616,chosen
9617,chosen
9618,chosen
9619,chosen
9620,chosen
9621,chosen
9622,chosen
9623,chosen
9624,chosen
9625,chosen
9626,chosen
9627,chosen
9628,chosen
9629,chosen
9630,chosen
9631,chosen
9632,chosen
9633,chosen
9634,chosen
9635,chosen
9636,chosen
9637,chosen
9638,chosen
9639,chosen
9640,chosen
9641,chosen
9642,chosen
9643,chosen
9644,chosen
9645,chosen
9646,chosen
9647,chosen
9648,chosen
9649,chosen
9650,chosen
9651,chosen
9652,chosen
9653,chosen
9654,chosen
9655,chosen
9656,chosen
9657,chosen
9658,chosen
9659,chosen
9660,chosen
9661,chosen
9662,chosen
9663,chosen
9664,chosen
9665,chosen
9666,chosen
9667,chosen
9668,chosen
9669,chosen
9670,chosen
9671,chosen
9672,chosen
9673,chosen
9674,chosen
9675,chosen
9676,chosen
9677,chosen
9678,chosen
9679,chosen
9680,chosen
9681,chosen
9682,chosen
9683,chosen
9684,chosen
9685,chosen
9686,chosen
9687,chosen
9688,chosen
9689,chosen
9690,chosen
9691,chosen
9692,chosen
9693,chosen
9694,chosen
9695,chosen
9696,chosen
9697,chosen
9698,chosen
9699,chosen
9700,chosen
9701,chosen
9702,chosen
9703,chosen
9704,chosen
9705,chosen
9706,chosen
9707,chosen
9708,chosen
9709,chosen
9710,chosen
9711,chosen
9712,chosen
9713,chosen
9714,chosen
9715,chosen
9716,chosen
9717,chosen
9718,chosen
9719,chosen
9720,chosen
9721,chosen
9722,chosen
9723,chosen
9724,chosen
9725,chosen
9726,chosen
9727,chosen
9728,chosen
9729,chosen
9730,chosen
9731,chosen
9732,chosen
9733,chosen
9734,chosen
9735,chosen
9736,chosen
9737,chosen
9738,chosen
9739,chosen
9740,chosen
9741,chosen
9742,chosen
9743,chosen
9744,chosen
9745,chosen
9746,chosen
9747,chosen
9748,chosen
9749,chosen
9750,chosen
9751,chosen
9752,chosen
9753,chosen
9754,chosen
9755,chosen
9756,chosen
9757,chosen
9758,chosen
9759,chosen
9760,chosen
9761,chosen
9762,chosen
9763,chosen
9764,chosen
9765,chosen
9766,chosen
9767,chosen
9768,chosen
9769,chosen
9770,chosen
9771,chosen
9772,chosen
9773,chosen
9774,chosen
9775,chosen
9776,chosen
9777,chosen
9778,chosen
9779,chosen
9780,chosen
9781,chosen
9782,chosen
9783,chosen
9784,chosen
9785,chosen
9786,chosen
9787,chosen
9788,chosen
9789,chosen
9790,chosen
9791,chosen
9792,chosen
9793,chosen
9794,chosen
9795,chosen
9796,chosen
9797,chosen
9798,chosen
9799,chosen
9800,chosen
9801,chosen
9802,chosen
9803,chosen
9804,chosen
9805,chosen
9806,chosen
9807,chosen
9808,chosen
9809,chosen
9810,chosen
9811,chosen
9812,chosen
9813,chosen
9814,chosen
9815,chosen
9816,chosen
9817,chosen
9818,chosen
9819,chosen
9820,chosen
9821,chosen
9822,chosen
9823,chosen
9824,chosen
9825,chosen
9826,chosen
9827,chosen
9828,chosen
9829,chosen
9830,chosen
9831,chosen
9832,chosen
9833,chosen
9834,chosen
9835,chosen
9836,chosen
9837,chosen
9838,chosen
9839,chosen
9840,chosen
9841,chosen
9842,chosen
9843,chosen
9844,chosen
9845,chosen
9846,chosen
9847,chosen
9848,chosen
9849,chosen
9850,chosen
9851,chosen
9852,chosen
9853,chosen
9854,chosen
9855,chosen
9856,chosen
9857,chosen
9858,chosen
9859,chosen
9860,chosen
9861,chosen
9862,chosen
9863,chosen
9864,chosen
9865,chosen
9866,chosen
9867,chosen
9868,chosen
9869,chosen
9870,chosen
9871,chosen
9872,chosen
9873,chosen
9874,chosen
9875,chosen
9876,chosen
9877,chosen
9878,chosen
9879,chosen
9880,chosen
9881,chosen
9882,chosen
9883,chosen
9884,chosen
9885,chosen
9886,chosen
9887,chosen
9888,chosen
9889,chosen
9890,chosen
9891,chosen
9892,chosen
9893,chosen
9894,chosen
9895,chosen
9896,chosen
9897,chosen
9898,chosen
9899,chosen
9900,chosen
9901,chosen
9902,chosen
9903,chosen
9904,chosen
9905,chosen
9906,chosen
9907,chosen
9908,chosen
9909,chosen
9910,chosen
9911,chosen
9912,chosen
9913,chosen
9914,chosen
9915,chosen
9916,chosen
9917,chosen
9918,chosen
9919,chosen
9920,chosen
9921,chosen
9922,chosen
9923,chosen
9924,chosen
9925,chosen
9926,chosen
9927,chosen
9928,chosen
9929,chosen
9930,chosen
9931,chosen
9932,chosen
9933,chosen
9934,chosen
9935,chosen
9936,chosen
9937,chosen
9938,chosen
9939,chosen
9940,chosen
9941,chosen
9942,chosen
9943,chosen
9944,chosen
9945,chosen
9946,chosen
9947,chosen
9948,chosen
9949,chosen
9950,chosen
9951,chosen
9952,chosen
9953,chosen
9954,chosen
9955,chosen
9956,chosen
9957,chosen
9958,chosen
9959,chosen
9960,chosen
9961,chosen
9962,chosen
9963,chosen
9964,chosen
9965,chosen
9966,chosen
9967,chosen
9968,chosen
9969,chosen
9970,chosen
9971,chosen
9972,chosen
9973,chosen
9974,chosen
9975,chosen
9976,chosen
9977,chosen
9978,chosen
9979,chosen
9980,chosen
9981,chosen
9982,chosen
9983,chosen
9984,chosen
9985,chosen
9986,chosen
9987,chosen
9988,chosen
9989,chosen
9990,chosen
9991,chosen
9992,chosen
9993,chosen
9994,chosen
9995,chosen
9996,chosen
9997,chosen
9998,chosen
9999,chosen
10000,chosen
10001,chosen
10002,chosen
10003,chosen
10004,chosen
10005,chosen
10006,chosen
10007,chosen
10008,chosen
10009,chosen
10010,chosen
10011,chosen
10012,chosen
10013,chosen
10014,chosen
10015,chosen
10016,chosen
10017,chosen
10018,chosen
10019,chosen
10020,chosen
10021,chosen
10022,chosen
10023,chosen
10024,chosen
10025,chosen
10026,chosen
10027,chosen
10028,chosen
10029,chosen
10030,chosen
10031,chosen
10032,chosen
10033,chosen
10034,chosen
10035,chosen
10036,chosen
10037,chosen
10038,chosen
10039,chosen
10040,chosen
10041,chosen
10042,chosen
10043,chosen
10044,chosen
10045,chosen
10046,chosen
10047,chosen
10048,chosen
10049,chosen
10050,chosen
10051,chosen
10052,chosen
10053,chosen
10054,chosen
10055,chosen
10056,chosen
10057,chosen
10058,chosen
10059,chosen
10060,chosen
10061,chosen
10062,chosen
10063,chosen
10064,chosen
10065,chosen
10066,chosen
10067,chosen
10068,chosen
10069,chosen
10070,chosen
10071,chosen
10072,chosen
10073,chosen
10074,chosen
10075,chosen
10076,chosen
10077,chosen
10078,chosen
10079,chosen
10080,chosen
10081,chosen
10082,chosen
10083,chosen
10084,chosen
10085,chosen
10086,chosen
10087,chosen
10088,chosen
10089,chosen
10090,chosen
10091,chosen
10092,chosen
10093,chosen
10094,chosen
10095,chosen
10096,chosen
10097,chosen
10098,chosen
10099,chosen
10100,chosen
10101,chosen
10102,chosen
10103,chosen
10104,chosen
10105,chosen
10106,chosen
10107,chosen
10108,chosen
10109,chosen
10110,chosen
10111,chosen
10112,chosen
10113,chosen
10114,chosen
10115,chosen
10116,chosen
10117,chosen
10118,chosen
10119,chosen
10120,chosen
10121,chosen
10122,chosen
10123,chosen
10124,chosen
10125,chosen
10126,chosen
10127,chosen
10128,chosen
10129,chosen
10130,chosen
10131,chosen
10132,chosen
10133,chosen
10134,chosen
10135,chosen
10136,chosen
10137,chosen
10138,chosen
10139,chosen
10140,chosen
10141,chosen
10142,chosen
10143,chosen
10144,chosen
10145,chosen
10146,chosen
10147,chosen
10148,chosen
10149,chosen
10150,chosen
10151,chosen
10152,chosen
10153,chosen
10154,chosen
10155,chosen
10156,chosen
10157,chosen
10158,chosen
10159,chosen
10160,chosen
10161,chosen
10162,chosen
10163,chosen
10164,chosen
10165,chosen
10166,chosen
10167,chosen
10168,chosen
10169,chosen
10170,chosen
10171,chosen
10172,chosen
10173,chosen
10174,chosen
10175,chosen
10176,chosen
10177,chosen
10178,chosen
10179,chosen
10180,chosen
10181,chosen
10182,chosen
10183,chosen
10184,chosen
10185,chosen
10186,chosen
10187,chosen
10188,chosen
10189,chosen
10190,chosen
10191,chosen
10192,chosen
10193,chosen
10194,chosen
10195,chosen
10196,chosen
10197,chosen
10198,chosen
10199,chosen
10200,chosen
10201,chosen
10202,chosen
10203,chosen
10204,chosen
10205,chosen
10206,chosen
10207,chosen
10208,chosen
10209,chosen
10210,chosen
10211,chosen
10212,chosen
10213,chosen
10214,chosen
10215,chosen
10216,chosen
10217,chosen
10218,chosen
10219,chosen
10220,chosen
10221,chosen
10222,chosen
10223,chosen
10224,chosen
10225,chosen
10226,chosen
10227,chosen
10228,chosen
10229,chosen
10230,chosen
10231,chosen
10232,chosen
10233,chosen
10234,chosen
10235,chosen
10236,chosen
10237,chosen
10238,chosen
10239,chosen
10240,chosen
10241,chosen
10242,chosen
10243,chosen
10244,chosen
10245,chosen
10246,chosen
10247,chosen
10248,chosen
10249,chosen
10250,chosen
10251,chosen
10252,chosen
10253,chosen
10254,chosen
10255,chosen
10256,chosen
10257,chosen
10258,chosen
10259,chosen
10260,chosen
10261,chosen
10262,chosen
10263,chosen
10264,chosen
10265,chosen
10266,chosen
10267,chosen
10268,chosen
10269,chosen
10270,chosen
10271,chosen
10272,chosen
10273,chosen
10274,chosen
10275,chosen
10276,chosen
10277,chosen
10278,chosen
10279,chosen
10280,chosen
10281,chosen
10282,chosen
10283,chosen
10284,chosen
10285,chosen
10286,chosen
10287,chosen
10288,chosen
10289,chosen
10290,chosen
10291,chosen
10292,chosen
10293,chosen
10294,chosen
10295,chosen
10296,chosen
10297,chosen
10298,chosen
10299,chosen
10300,chosen
10301,chosen
10302,chosen
10303,chosen
10304,chosen
10305,chosen
10306,chosen
10307,chosen
10308,chosen
10309,chosen
10310,chosen
10311,chosen
10312,chosen
10313,chosen
10314,chosen
10315,chosen
10316,chosen
10317,chosen
10318,chosen
10319,chosen
10320,chosen
10321,chosen
10322,chosen
10323,chosen
10324,chosen
10325,chosen
10326,chosen
10327,chosen
10328,chosen
10329,chosen
10330,chosen
10331,chosen
10332,chosen
10333,chosen
10334,chosen
10335,chosen
10336,chosen
10337,chosen
10338,chosen
10339,chosen
10340,chosen
10341,chosen
10342,chosen
10343,chosen
10344,chosen
10345,chosen
10346,chosen
10347,chosen
10348,chosen
10349,chosen
10350,chosen
10351,chosen
10352,chosen
10353,chosen
10354,chosen
10355,chosen
10356,chosen
10357,chosen
10358,chosen
10359,chosen
10360,chosen
10361,chosen
10362,chosen
10363,chosen
10364,chosen
10365,chosen
10366,chosen
10367,chosen
10368,chosen
10369,chosen
10370,chosen
10371,chosen
10372,chosen
10373,chosen
10374,chosen
10375,chosen
10376,chosen
10377,chosen
10378,chosen
10379,chosen
10380,chosen
10381,chosen
10382,chosen
10383,chosen
10384,chosen
10385,chosen
10386,chosen
10387,chosen
10388,chosen
10389,chosen
10390,chosen
10391,chosen
10392,chosen
10393,chosen
10394,chosen
10395,chosen
10396,chosen
10397,chosen
10398,chosen
10399,chosen
10400,chosen
10401,chosen
10402,chosen
10403,chosen
10404,chosen
10405,chosen
10406,chosen
10407,chosen
10408,chosen
10409,chosen
10410,chosen
10411,chosen
10412,chosen
10413,chosen
10414,chosen
10415,chosen
10416,chosen
10417,chosen
10418,chosen
10419,chosen
10420,chosen
10421,chosen
10422,chosen
10423,chosen
10424,chosen
10425,chosen
10426,chosen
10427,chosen
10428,chosen
10429,chosen
10430,chosen
10431,chosen
10432,chosen
10433,chosen
10434,chosen
10435,chosen
10436,chosen
10437,chosen
10438,chosen
10439,chosen
10440,chosen
10441,chosen
10442,chosen
10443,chosen
10444,chosen
10445,chosen
10446,chosen
10447,chosen
10448,chosen
10449,chosen
10450,chosen
10451,chosen
10452,chosen
10453,chosen
10454,chosen
10455,chosen
10456,chosen
10457,chosen
10458,chosen
10459,chosen
10460,chosen
10461,chosen
10462,chosen
10463,chosen
10464,chosen
10465,chosen
10466,chosen
10467,chosen
10468,chosen
10469,chosen
10470,chosen
10471,chosen
10472,chosen
10473,chosen
10474,chosen
10475,chosen
10476,chosen
10477,chosen
10478,chosen
10479,chosen
10480,chosen
10481,chosen
10482,chosen
10483,chosen
10484,chosen
10485,chosen
10486,chosen
10487,chosen
10488,chosen
10489,chosen
10490,chosen
10491,chosen
10492,chosen
10493,chosen
10494,chosen
10495,chosen
10496,chosen
10497,chosen
10498,chosen
10499,chosen
10500,chosen
10501,chosen
10502,chosen
10503,chosen
10504,chosen
10505,chosen
10506,chosen
10507,chosen
10508,chosen
10509,chosen
10510,chosen
10511,chosen
10512,chosen
10513,chosen
10514,chosen
10515,chosen
10516,chosen
10517,chosen
10518,chosen
10519,chosen
10520,chosen
10521,chosen
10522,chosen
10523,chosen
10524,chosen
10525,chosen
10526,chosen
10527,chosen
10528,chosen
10529,chosen
10530,chosen
10531,chosen
10532,chosen
10533,chosen
10534,chosen
10535,chosen
10536,chosen
10537,chosen
10538,chosen
10539,chosen
10540,chosen
10541,chosen
10542,chosen
10543,chosen
10544,chosen
10545,chosen
10546,chosen
10547,chosen
10548,chosen
10549,chosen
10550,chosen
10551,chosen
10552,chosen
10553,chosen
10554,chosen
10555,chosen
10556,chosen
10557,chosen
10558,chosen
10559,chosen
10560,chosen
10561,chosen
10562,chosen
10563,chosen
10564,chosen
10565,chosen
10566,chosen
10567,chosen
10568,chosen
10569,chosen
10570,chosen
10571,chosen
10572,chosen
10573,chosen
10574,chosen
10575,chosen
10576,chosen
10577,chosen
10578,chosen
10579,chosen
10580,chosen
10581,chosen
10582,chosen
10583,chosen
10584,chosen
10585,chosen
10586,chosen
10587,chosen
10588,chosen
10589,chosen
10590,chosen
10591,chosen
10592,chosen
10593,chosen
10594,chosen
10595,chosen
10596,chosen
10597,chosen
10598,chosen
10599,chosen
10600,chosen
10601,chosen
10602,chosen
10603,chosen
10604,chosen
10605,chosen
10606,chosen
10607,chosen
10608,chosen
10609,chosen
10610,chosen
10611,chosen
10612,chosen
10613,chosen
10614,chosen
10615,chosen
10616,chosen
10617,chosen
10618,chosen
10619,chosen
10620,chosen
10621,chosen
10622,chosen
10623,chosen
10624,chosen
10625,chosen
10626,chosen
10627,chosen
10628,chosen
10629,chosen
10630,chosen
10631,chosen
10632,chosen
10633,chosen
10634,chosen
10635,chosen
10636,chosen
10637,chosen
10638,chosen
10639,chosen
10640,chosen
10641,chosen
10642,chosen
10643,chosen
10644,chosen
10645,chosen
10646,chosen
10647,chosen
10648,chosen
10649,chosen
10650,chosen
10651,chosen
10652,chosen
10653,chosen
10654,chosen
10655,chosen
10656,chosen
10657,chosen
10658,chosen
10659,chosen
10660,chosen
10661,chosen
10662,chosen
10663,chosen
10664,chosen
10665,chosen
10666,chosen
10667,chosen
10668,chosen
10669,chosen
10670,chosen
10671,chosen
10672,chosen
10673,chosen
10674,chosen
10675,chosen
10676,chosen
10677,chosen
10678,chosen
10679,chosen
10680,chosen
10681,chosen
10682,chosen
10683,chosen
10684,chosen
10685,chosen
10686,chosen
10687,chosen
10688,chosen
10689,chosen
10690,chosen
10691,chosen
10692,chosen
10693,chosen
10694,chosen
10695,chosen
10696,chosen
10697,chosen
10698,chosen
10699,chosen
10700,chosen
10701,chosen
10702,chosen
10703,chosen
10704,chosen
10705,chosen
10706,chosen
10707,chosen
10708,chosen
10709,chosen
10710,chosen
10711,chosen
10712,chosen
10713,chosen
10714,chosen
10715,chosen
10716,chosen
10717,chosen
10718,chosen
10719,chosen
10720,chosen
10721,chosen
10722,chosen
10723,chosen
10724,chosen
10725,chosen
10726,chosen
10727,chosen
10728,chosen
10729,chosen
10730,chosen
10731,chosen
10732,chosen
10733,chosen
10734,chosen
10735,chosen
10736,chosen
10737,chosen
10738,chosen
10739,chosen
10740,chosen
10741,chosen
10742,chosen
10743,chosen
10744,chosen
10745,chosen
10746,chosen
10747,chosen
10748,chosen
10749,chosen
10750,chosen
10751,chosen
10752,chosen
10753,chosen
10754,chosen
10755,chosen
10756,chosen
10757,chosen
10758,chosen
10759,chosen
10760,chosen
10761,chosen
10762,chosen
10763,chosen
10764,chosen
10765,chosen
10766,chosen
10767,chosen
10768,chosen
10769,chosen
10770,chosen
10771,chosen
10772,chosen
10773,chosen
10774,chosen
10775,chosen
10776,chosen
10777,chosen
10778,chosen
10779,chosen
10780,chosen
10781,chosen
10782,chosen
10783,chosen
10784,chosen
10785,chosen
10786,chosen
10787,chosen
10788,chosen
10789,chosen
10790,chosen
10791,chosen
10792,chosen
10793,chosen
10794,chosen
10795,chosen
10796,chosen
10797,chosen
10798,chosen
10799,chosen
10800,chosen
10801,chosen
10802,chosen
10803,chosen
10804,chosen
10805,chosen
10806,chosen
10807,chosen
10808,chosen
10809,chosen
10810,chosen
10811,chosen
10812,chosen
10813,chosen
10814,chosen
10815,chosen
10816,chosen
10817,chosen
10818,chosen
10819,chosen
10820,chosen
10821,chosen
10822,chosen
10823,chosen
10824,chosen
10825,chosen
10826,chosen
10827,chosen
10828,chosen
10829,chosen
10830,chosen
10831,chosen
10832,chosen
10833,chosen
10834,chosen
10835,chosen
10836,chosen
10837,chosen
10838,chosen
10839,chosen
10840,chosen
10841,chosen
10842,chosen
10843,chosen
10844,chosen
10845,chosen
10846,chosen
10847,chosen
10848,chosen
10849,chosen
10850,chosen
10851,chosen
10852,chosen
10853,chosen
10854,chosen
10855,chosen
10856,chosen
10857,chosen
10858,chosen
10859,chosen
10860,chosen
10861,chosen
10862,chosen
10863,chosen
10864,chosen
10865,chosen
10866,chosen
10867,chosen
10868,chosen
10869,chosen
10870,chosen
10871,chosen
10872,chosen
10873,chosen
10874,chosen
10875,chosen
10876,chosen
10877,chosen
10878,chosen
10879,chosen
10880,chosen
10881,chosen
10882,chosen
10883,chosen
10884,chosen
10885,chosen
10886,chosen
10887,chosen
10888,chosen
10889,chosen
10890,chosen
10891,chosen
10892,chosen
10893,chosen
10894,chosen
10895,chosen
10896,chosen
10897,chosen
10898,chosen
10899,chosen
10900,chosen
10901,chosen
10902,chosen
10903,chosen
10904,chosen
10905,chosen
10906,chosen
10907,chosen
10908,chosen
10909,chosen
10910,chosen
10911,chosen
10912,chosen
10913,chosen
10914,chosen
10915,chosen
10916,chosen
10917,chosen
10918,chosen
10919,chosen
10920,chosen
10921,chosen
10922,chosen
10923,chosen
10924,chosen
10925,chosen
10926,chosen
10927,chosen
10928,chosen
10929,chosen
10930,chosen
10931,chosen
10932,chosen
10933,chosen
10934,chosen
10935,chosen
10936,chosen
10937,chosen
10938,chosen
10939,chosen
10940,chosen
10941,chosen
10942,chosen
10943,chosen
10944,chosen
10945,chosen
10946,chosen
10947,chosen
10948,chosen
10949,chosen
10950,chosen
10951,chosen
10952,chosen
10953,chosen
10954,chosen
10955,chosen
10956,chosen
10957,chosen
10958,chosen
10959,chosen
10960,chosen
10961,chosen
10962,chosen
10963,chosen
10964,chosen
10965,chosen
10966,chosen
10967,chosen
10968,chosen
10969,chosen
10970,chosen
10971,chosen
10972,chosen
10973,chosen
10974,chosen
10975,chosen
10976,chosen
10977,chosen
10978,chosen
10979,chosen
10980,chosen
10981,chosen
10982,chosen
10983,chosen
10984,chosen
10985,chosen
10986,chosen
10987,chosen
10988,chosen
10989,chosen
10990,chosen
10991,chosen
10992,chosen
10993,chosen
10994,chosen
10995,chosen
10996,chosen
10997,chosen
10998,chosen
10999,chosen
11000,chosen
11001,chosen
11002,chosen
11003,chosen
11004,chosen
11005,chosen
11006,chosen
11007,chosen
11008,chosen
11009,chosen
11010,chosen
11011,chosen
11012,chosen
11013,chosen
11014,chosen
11015,chosen
11016,chosen
11017,chosen
11018,chosen
11019,chosen
11020,chosen
11021,chosen
11022,chosen
11023,chosen
11024,chosen
11025,chosen
11026,chosen
11027,chosen
11028,chosen
11029,chosen
11030,chosen
11031,chosen
11032,chosen
11033,chosen
11034,chosen
11035,chosen
11036,chosen
11037,chosen
11038,chosen
11039,chosen
11040,chosen
11041,chosen
11042,chosen
11043,chosen
11044,chosen
11045,chosen
11046,chosen
11047,chosen
11048,chosen
11049,chosen
11050,chosen
11051,chosen
11052,chosen
11053,chosen
11054,chosen
11055,chosen
11056,chosen
11057,chosen
11058,chosen
11059,chosen
11060,chosen
11061,chosen
11062,chosen
11063,chosen
11064,chosen
11065,chosen
11066,chosen
11067,chosen
11068,chosen
11069,chosen
11070,chosen
11071,chosen
11072,chosen
11073,chosen
11074,chosen
11075,chosen
11076,chosen
11077,chosen
11078,chosen
11079,chosen
11080,chosen
11081,chosen
11082,chosen
11083,chosen
11084,chosen
11085,chosen
11086,chosen
11087,chosen
11088,chosen
11089,chosen
11090,chosen
11091,chosen
11092,chosen
11093,chosen
11094,chosen
11095,chosen
11096,chosen
11097,chosen
11098,chosen
11099,chosen
11100,chosen
11101,chosen
11102,chosen
11103,chosen
11104,chosen
11105,chosen
11106,chosen
11107,chosen
11108,chosen
11109,chosen
11110,chosen
11111,chosen
11112,chosen
11113,chosen
11114,chosen
11115,chosen
11116,chosen
11117,chosen
11118,chosen
11119,chosen
11120,chosen
11121,chosen
11122,chosen
11123,chosen
11124,chosen
11125,chosen
11126,chosen
11127,chosen
11128,chosen
11129,chosen
11130,chosen
11131,chosen
11132,chosen
11133,chosen
11134,chosen
11135,chosen
11136,chosen
11137,chosen
11138,chosen
11139,chosen
11140,chosen
11141,chosen
11142,chosen
11143,chosen
11144,chosen
11145,chosen
11146,chosen
11147,chosen
11148,chosen
11149,chosen
11150,chosen
11151,chosen
11152,chosen
11153,chosen
11154,chosen
11155,chosen
11156,chosen
11157,chosen
11158,chosen
11159,chosen
11160,chosen
11161,chosen
11162,chosen
11163,chosen
11164,chosen
11165,chosen
11166,chosen
11167,chosen
11168,chosen
11169,chosen
11170,chosen
11171,chosen
11172,chosen
11173,chosen
11174,chosen
11175,chosen
11176,chosen
11177,chosen
11178,chosen
11179,chosen
11180,chosen
11181,chosen
11182,chosen
11183,chosen
11184,chosen
11185,chosen
11186,chosen
11187,chosen
11188,chosen
11189,chosen
11190,chosen
11191,chosen
11192,chosen
11193,chosen
11194,chosen
11195,chosen
11196,chosen
11197,chosen
11198,chosen
11199,chosen
11200,chosen
11201,chosen
11202,chosen
11203,chosen
11204,chosen
11205,chosen
11206,chosen
11207,chosen
11208,chosen
11209,chosen
11210,chosen
11211,chosen
11212,chosen
11213,chosen
11214,chosen
11215,chosen
11216,chosen
11217,chosen
11218,chosen
11219,chosen
11220,chosen
11221,chosen
11222,chosen
11223,chosen
11224,chosen
11225,chosen
11226,chosen
11227,chosen
11228,chosen
11229,chosen
11230,chosen
11231,chosen
11232,chosen
11233,chosen
11234,chosen
11235,chosen
11236,chosen
11237,chosen
11238,chosen
11239,chosen
11240,chosen
11241,chosen
11242,chosen
11243,chosen
11244,chosen
11245,chosen
11246,chosen
11247,chosen
11248,chosen
11249,chosen
11250,chosen
11251,chosen
11252,chosen
11253,chosen
11254,chosen
11255,chosen
11256,chosen
11257,chosen
11258,chosen
11259,chosen
11260,chosen
11261,chosen
11262,chosen
11263,chosen
11264,chosen
11265,chosen
11266,chosen
11267,chosen
11268,chosen
11269,chosen
11270,chosen
11271,chosen
11272,chosen
11273,chosen
11274,chosen
11275,chosen
11276,chosen
11277,chosen
11278,chosen
11279,chosen
11280,chosen
11281,chosen
11282,chosen
11283,chosen
11284,chosen
11285,chosen
11286,chosen
11287,chosen
11288,chosen
11289,chosen
11290,chosen
11291,chosen
11292,chosen
11293,chosen
11294,chosen
11295,chosen
11296,chosen
11297,chosen
11298,chosen
11299,chosen
11300,chosen
11301,chosen
11302,chosen
11303,chosen
11304,chosen
11305,chosen
11306,chosen
11307,chosen
11308,chosen
11309,chosen
11310,chosen
11311,chosen
11312,chosen
11313,chosen
11314,chosen
11315,chosen
11316,chosen
11317,chosen
11318,chosen
11319,chosen
11320,chosen
11321,chosen
11322,chosen
11323,chosen
11324,chosen
11325,chosen
11326,chosen
11327,chosen
11328,chosen
11329,chosen
11330,chosen
11331,chosen
11332,chosen
11333,chosen
11334,chosen
11335,chosen
11336,chosen
11337,chosen
11338,chosen
11339,chosen
11340,chosen
11341,chosen
11342,chosen
11343,chosen
11344,chosen
11345,chosen
11346,chosen
11347,chosen
11348,chosen
11349,chosen
11350,chosen
11351,chosen
11352,chosen
11353,chosen
11354,chosen
11355,chosen
11356,chosen
11357,chosen
11358,chosen
11359,chosen
11360,chosen
11361,chosen
11362,chosen
11363,chosen
11364,chosen
11365,chosen
11366,chosen
11367,chosen
11368,chosen
11369,chosen
11370,chosen
11371,chosen
11372,chosen
11373,chosen
11374,chosen
11375,chosen
11376,chosen
11377,chosen
11378,chosen
11379,chosen
11380,chosen
11381,chosen
11382,chosen
11383,chosen
11384,chosen
11385,chosen
11386,chosen
11387,chosen
11388,chosen
11389,chosen
11390,chosen
11391,chosen
11392,chosen
11393,chosen
11394,chosen
11395,chosen
11396,chosen
11397,chosen
11398,chosen
11399,chosen
11400,chosen
11401,chosen
11402,chosen
11403,chosen
11404,chosen
11405,chosen
11406,chosen
11407,chosen
11408,chosen
11409,chosen
11410,chosen
11411,chosen
11412,chosen
11413,chosen
11414,chosen
11415,chosen
11416,chosen
11417,chosen
11418,chosen
11419,chosen
11420,chosen
11421,chosen
11422,chosen
11423,chosen
11424,chosen
11425,chosen
11426,chosen
11427,chosen
11428,chosen
11429,chosen
11430,chosen
11431,chosen
11432,chosen
11433,chosen
11434,chosen
11435,chosen
11436,chosen
11437,chosen
11438,chosen
11439,chosen
11440,chosen
11441,chosen
11442,chosen
11443,chosen
11444,chosen
11445,chosen
11446,chosen
11447,chosen
11448,chosen
11449,chosen
11450,chosen
11451,chosen
11452,chosen
11453,chosen
11454,chosen
11455,chosen
11456,chosen
11457,chosen
11458,chosen
11459,chosen
11460,chosen
11461,chosen
11462,chosen
11463,chosen
11464,chosen
11465,chosen
11466,chosen
11467,chosen
11468,chosen
11469,chosen
11470,chosen
11471,chosen
11472,chosen
11473,chosen
11474,chosen
11475,chosen
11476,chosen
11477,chosen
11478,chosen
11479,chosen
11480,chosen
11481,chosen
11482,chosen
11483,chosen
11484,chosen
11485,chosen
11486,chosen
11487,chosen
11488,chosen
11489,chosen
11490,chosen
11491,chosen
11492,chosen
11493,chosen
11494,chosen
11495,chosen
11496,chosen
11497,chosen
11498,chosen
11499,chosen
11500,chosen
11501,chosen
11502,chosen
11503,chosen
11504,chosen
11505,chosen
11506,chosen
11507,chosen
11508,chosen
11509,chosen
11510,chosen
11511,chosen
11512,chosen
11513,chosen
11514,chosen
11515,chosen
11516,chosen
11517,chosen
11518,chosen
11519,chosen
11520,chosen
11521,chosen
11522,chosen
11523,chosen
11524,chosen
11525,chosen
11526,chosen
11527,chosen
11528,chosen
11529,chosen
11530,chosen
11531,chosen
11532,chosen
11533,chosen
11534,chosen
11535,chosen
11536,chosen
11537,chosen
11538,chosen
11539,chosen
11540,chosen
11541,chosen
11542,chosen
11543,chosen
11544,chosen
11545,chosen
11546,chosen
11547,chosen
11548,chosen
11549,chosen
11550,chosen
11551,chosen
11552,chosen
11553,chosen
11554,chosen
11555,chosen
11556,chosen
11557,chosen
11558,chosen
11559,chosen
11560,chosen
11561,chosen
11562,chosen
11563,chosen
11564,chosen
11565,chosen
11566,chosen
11567,chosen
11568,chosen
11569,chosen
11570,chosen
11571,chosen
11572,chosen
11573,chosen
11574,chosen
11575,chosen
11576,chosen
11577,chosen
11578,chosen
11579,chosen
11580,chosen
11581,chosen
11582,chosen
11583,chosen
11584,chosen
11585,chosen
11586,chosen
11587,chosen
11588,chosen
11589,chosen
11590,chosen
11591,chosen
11592,chosen
11593,chosen
11594,chosen
11595,chosen
11596,chosen
11597,chosen
11598,chosen
11599,chosen
11600,chosen
11601,chosen
11602,chosen
11603,chosen
11604,chosen
11605,chosen
11606,chosen
11607,chosen
11608,chosen
11609,chosen
11610,chosen
11611,chosen
11612,chosen
11613,chosen
11614,chosen
11615,chosen
11616,chosen
11617,chosen
11618,chosen
11619,chosen
11620,chosen
11621,chosen
11622,chosen
11623,chosen
11624,chosen
11625,chosen
11626,chosen
11627,chosen
11628,chosen
11629,chosen
11630,chosen
11631,chosen
11632,chosen
11633,chosen
11634,chosen
11635,chosen
11636,chosen
11637,chosen
11638,chosen
11639,chosen
11640,chosen
11641,chosen
11642,chosen
11643,chosen
11644,chosen
11645,chosen
11646,chosen
11647,chosen
11648,chosen
11649,chosen
11650,chosen
11651,chosen
11652,chosen
11653,chosen
11654,chosen
11655,chosen
11656,chosen
11657,chosen
11658,chosen
11659,chosen
11660,chosen
11661,chosen
11662,chosen
11663,chosen
11664,chosen
11665,chosen
11666,chosen
11667,chosen
11668,chosen
11669,chosen
11670,chosen
11671,chosen
11672,chosen
11673,chosen
11674,chosen
11675,chosen
11676,chosen
11677,chosen
11678,chosen
11679,chosen
11680,chosen
11681,chosen
11682,chosen
11683,chosen
11684,chosen
11685,chosen
11686,chosen
11687,chosen
11688,chosen
11689,chosen
11690,chosen
11691,chosen
11692,chosen
11693,chosen
11694,chosen
11695,chosen
11696,chosen
11697,chosen
11698,chosen
11699,chosen
11700,chosen
11701,chosen
11702,chosen
11703,chosen
11704,chosen
11705,chosen
11706,chosen
11707,chosen
11708,chosen
11709,chosen
11710,chosen
11711,chosen
11712,chosen
11713,chosen
11714,chosen
11715,chosen
11716,chosen
11717,chosen
11718,chosen
11719,chosen
11720,chosen
11721,chosen
11722,chosen
11723,chosen
11724,chosen
11725,chosen
11726,chosen
11727,chosen
11728,chosen
11729,chosen
11730,chosen
11731,chosen
11732,chosen
11733,chosen
11734,chosen
11735,chosen
11736,chosen
11737,chosen
11738,chosen
11739,chosen
11740,chosen
11741,chosen
11742,chosen
11743,chosen
11744,chosen
11745,chosen
11746,chosen
11747,chosen
11748,chosen
11749,chosen
11750,chosen
11751,chosen
11752,chosen
11753,chosen
11754,chosen
11755,chosen
11756,chosen
11757,chosen
11758,chosen
11759,chosen
11760,chosen
11761,chosen
11762,chosen
11763,chosen
11764,chosen
11765,chosen
11766,chosen
11767,chosen
11768,chosen
11769,chosen
11770,chosen
11771,chosen
11772,chosen
11773,chosen
11774,chosen
11775,chosen
11776,chosen
11777,chosen
11778,chosen
11779,chosen
11780,chosen
11781,chosen
11782,chosen
11783,chosen
11784,chosen
11785,chosen
11786,chosen
11787,chosen
11788,chosen
11789,chosen
11790,chosen
11791,chosen
11792,chosen
11793,chosen
11794,chosen
11795,chosen
11796,chosen
11797,chosen
11798,chosen
11799,chosen
11800,chosen
11801,chosen
11802,chosen
11803,chosen
11804,chosen
11805,chosen
11806,chosen
11807,chosen
11808,chosen
11809,chosen
11810,chosen
11811,chosen
11812,chosen
11813,chosen
11814,chosen
11815,chosen
11816,chosen
11817,chosen
11818,chosen
11819,chosen
11820,chosen
11821,chosen
11822,chosen
11823,chosen
11824,chosen
11825,chosen
11826,chosen
11827,chosen
11828,chosen
11829,chosen
11830,chosen
11831,chosen
11832,chosen
11833,chosen
11834,chosen
11835,chosen
11836,chosen
11837,chosen
11838,chosen
11839,chosen
11840,chosen
11841,chosen
11842,chosen
11843,chosen
11844,chosen
11845,chosen
11846,chosen
11847,chosen
11848,chosen
11849,chosen
11850,chosen
11851,chosen
11852,chosen
11853,chosen
11854,chosen
11855,chosen
11856,chosen
11857,chosen
11858,chosen
11859,chosen
11860,chosen
11861,chosen
11862,chosen
11863,chosen
11864,chosen
11865,chosen
11866,chosen
11867,chosen
11868,chosen
11869,chosen
11870,chosen
11871,chosen
11872,chosen
11873,chosen
11874,chosen
11875,chosen
11876,chosen
11877,chosen
11878,chosen
11879,chosen
11880,chosen
11881,chosen
11882,chosen
11883,chosen
11884,chosen
11885,chosen
11886,chosen
11887,chosen
11888,chosen
11889,chosen
11890,chosen
11891,chosen
11892,chosen
11893,chosen
11894,chosen
11895,chosen
11896,chosen
11897,chosen
11898,chosen
11899,chosen
11900,chosen
11901,chosen
11902,chosen
11903,chosen
11904,chosen
11905,chosen
11906,chosen
11907,chosen
11908,chosen
11909,chosen
11910,chosen
11911,chosen
11912,chosen
11913,chosen
11914,chosen
11915,chosen
11916,chosen
11917,chosen
11918,chosen
11919,chosen
11920,chosen
11921,chosen
11922,chosen
11923,chosen
11924,chosen
11925,chosen
11926,chosen
11927,chosen
11928,chosen
11929,chosen
11930,chosen
11931,chosen
11932,chosen
11933,chosen
11934,chosen
11935,chosen
11936,chosen
11937,chosen
11938,chosen
11939,chosen
11940,chosen
11941,chosen
11942,chosen
11943,chosen
11944,chosen
11945,chosen
11946,chosen
11947,chosen
11948,chosen
11949,chosen
11950,chosen
11951,chosen
11952,chosen
11953,chosen
11954,chosen
11955,chosen
11956,chosen
11957,chosen
11958,chosen
11959,chosen
11960,chosen
11961,chosen
11962,chosen
11963,chosen
11964,chosen
11965,chosen
11966,chosen
11967,chosen
11968,chosen
11969,chosen
11970,chosen
11971,chosen
11972,chosen
11973,chosen
11974,chosen
11975,chosen
11976,chosen
11977,chosen
11978,chosen
11979,chosen
11980,chosen
11981,chosen
11982,chosen
11983,chosen
11984,chosen
11985,chosen
11986,chosen
11987,chosen
11988,chosen
11989,chosen
11990,chosen
11991,chosen
11992,chosen
11993,chosen
11994,chosen
11995,chosen
11996,chosen
11997,chosen
11998,chosen
11999,chosen
12000,chosen
12001,chosen
12002,chosen
12003,chosen
12004,chosen
12005,chosen
12006,chosen
12007,chosen
12008,chosen
12009,chosen
12010,chosen
12011,chosen
12012,chosen
12013,chosen
12014,chosen
12015,chosen
12016,chosen
12017,chosen
12018,chosen
12019,chosen
12020,chosen
12021,chosen
12022,chosen
12023,chosen
12024,chosen
12025,chosen
12026,chosen
12027,chosen
12028,chosen
12029,chosen
12030,chosen
12031,chosen
12032,chosen
12033,chosen
12034,chosen
12035,chosen
12036,chosen
12037,chosen
12038,chosen
12039,chosen
12040,chosen
12041,chosen
12042,chosen
12043,chosen
12044,chosen
12045,chosen
12046,chosen
12047,chosen
12048,chosen
12049,chosen
12050,chosen
12051,chosen
12052,chosen
12053,chosen
12054,chosen
12055,chosen
12056,chosen
12057,chosen
12058,chosen
12059,chosen
12060,chosen
12061,chosen
12062,chosen
12063,chosen
12064,chosen
12065,chosen
12066,chosen
12067,chosen
12068,chosen
12069,chosen
12070,chosen
12071,chosen
12072,chosen
12073,chosen
12074,chosen
12075,chosen
12076,chosen
12077,chosen
12078,chosen
12079,chosen
12080,chosen
12081,chosen
12082,chosen
12083,chosen
12084,chosen
12085,chosen
12086,chosen
12087,chosen
12088,chosen
12089,chosen
12090,chosen
12091,chosen
12092,chosen
12093,chosen
12094,chosen
12095,chosen
12096,chosen
12097,chosen
12098,chosen
12099,chosen
12100,chosen
12101,chosen
12102,chosen
12103,chosen
12104,chosen
12105,chosen
12106,chosen
12107,chosen
12108,chosen
12109,chosen
12110,chosen
12111,chosen
12112,chosen
12113,chosen
12114,chosen
12115,chosen
12116,chosen
12117,chosen
12118,chosen
12119,chosen
12120,chosen
12121,chosen
12122,chosen
12123,chosen
12124,chosen
12125,chosen
12126,chosen
12127,chosen
12128,chosen
12129,chosen
12130,chosen
12131,chosen
12132,chosen
12133,chosen
12134,chosen
12135,chosen
12136,chosen
12137,chosen
12138,chosen
12139,chosen
12140,chosen
12141,chosen
12142,chosen
12143,chosen
12144,chosen
12145,chosen
12146,chosen
12147,chosen
12148,chosen
12149,chosen
12150,chosen
12151,chosen
12152,chosen
12153,chosen
12154,chosen
12155,chosen
12156,chosen
12157,chosen
12158,chosen
12159,chosen
12160,chosen
12161,chosen
12162,chosen
12163,chosen
12164,chosen
12165,chosen
12166,chosen
12167,chosen
12168,chosen
12169,chosen
12170,chosen
12171,chosen
12172,chosen
12173,chosen
12174,chosen
12175,chosen
12176,chosen
12177,chosen
12178,chosen
12179,chosen
12180,chosen
12181,chosen
12182,chosen
12183,chosen
12184,chosen
12185,chosen
12186,chosen
12187,chosen
12188,chosen
12189,chosen
12190,chosen
12191,chosen
12192,chosen
12193,chosen
12194,chosen
12195,chosen
12196,chosen
12197,chosen
12198,chosen
12199,chosen
12200,chosen
12201,chosen
12202,chosen
12203,chosen
12204,chosen
12205,chosen
12206,chosen
12207,chosen
12208,chosen
12209,chosen
12210,chosen
12211,chosen
12212,chosen
12213,chosen
12214,chosen
12215,chosen
12216,chosen
12217,chosen
12218,chosen
12219,chosen
12220,chosen
12221,chosen
12222,chosen
12223,chosen
12224,chosen
12225,chosen
12226,chosen
12227,chosen
12228,chosen
12229,chosen
12230,chosen
12231,chosen
12232,chosen
12233,chosen
12234,chosen
12235,chosen
12236,chosen
12237,chosen
12238,chosen
12239,chosen
12240,chosen
12241,chosen
12242,chosen
12243,chosen
12244,chosen
12245,chosen
12246,chosen
12247,chosen
12248,chosen
12249,chosen
12250,chosen
12251,chosen
12252,chosen
12253,chosen
12254,chosen
12255,chosen
12256,chosen
12257,chosen
12258,chosen
12259,chosen
12260,chosen
12261,chosen
12262,chosen
12263,chosen
12264,chosen
12265,chosen
12266,chosen
12267,chosen
12268,chosen
12269,chosen
12270,chosen
12271,chosen
12272,chosen
12273,chosen
12274,chosen
12275,chosen
12276,chosen
12277,chosen
12278,chosen
12279,chosen
12280,chosen
12281,chosen
12282,chosen
12283,chosen
12284,chosen
12285,chosen
12286,chosen
12287,chosen
12288,chosen
12289,chosen
12290,chosen
12291,chosen
12292,chosen
12293,chosen
12294,chosen
12295,chosen
12296,chosen
12297,chosen
12298,chosen
12299,chosen
12300,chosen
12301,chosen
12302,chosen
12303,chosen
12304,chosen
12305,chosen
12306,chosen
12307,chosen
12308,chosen
12309,chosen
12310,chosen
12311,chosen
12312,chosen
12313,chosen
12314,chosen
12315,chosen
12316,chosen
12317,chosen
12318,chosen
12319,chosen
12320,chosen
12321,chosen
12322,chosen
12323,chosen
12324,chosen
12325,chosen
12326,chosen
12327,chosen
12328,chosen
12329,chosen
12330,chosen
12331,chosen
12332,chosen
12333,chosen
12334,chosen
12335,chosen
12336,chosen
12337,chosen
12338,chosen
12339,chosen
12340,chosen
12341,chosen
12342,chosen
12343,chosen
12344,chosen
12345,chosen
12346,chosen
12347,chosen
12348,chosen
12349,chosen
12350,chosen
12351,chosen
12352,chosen
12353,chosen
12354,chosen
12355,chosen
12356,chosen
12357,chosen
12358,chosen
12359,chosen
12360,chosen
12361,chosen
12362,chosen
12363,chosen
12364,chosen
12365,chosen
12366,chosen
12367,chosen
12368,chosen
12369,chosen
12370,chosen
12371,chosen
12372,chosen
12373,chosen
12374,chosen
12375,chosen
12376,chosen
12377,chosen
12378,chosen
12379,chosen
12380,chosen
12381,chosen
12382,chosen
12383,chosen
12384,chosen
12385,chosen
12386,chosen
12387,chosen
12388,chosen
12389,chosen
12390,chosen
12391,chosen
12392,chosen
12393,chosen
12394,chosen
12395,chosen
12396,chosen
12397,chosen
12398,chosen
12399,chosen
12400,chosen
12401,chosen
12402,chosen
12403,chosen
12404,chosen
12405,chosen
12406,chosen
12407,chosen
12408,chosen
12409,chosen
12410,chosen
12411,chosen
12412,chosen
12413,chosen
12414,chosen
12415,chosen
12416,chosen
12417,chosen
12418,chosen
12419,chosen
12420,chosen
12421,chosen
12422,chosen
12423,chosen
12424,chosen
12425,chosen
12426,chosen
12427,chosen
12428,chosen
12429,chosen
12430,chosen
12431,chosen
12432,chosen
12433,chosen
12434,chosen
12435,chosen
12436,chosen
12437,chosen
12438,chosen
12439,chosen
12440,chosen
12441,chosen
12442,chosen
12443,chosen
12444,chosen
12445,chosen
12446,chosen
12447,chosen
12448,chosen
12449,chosen
12450,chosen
12451,chosen
12452,chosen
12453,chosen
12454,chosen
12455,chosen
12456,chosen
12457,chosen
12458,chosen
12459,chosen
12460,chosen
12461,chosen
12462,chosen
12463,chosen
12464,chosen
12465,chosen
12466,chosen
12467,chosen
12468,chosen
12469,chosen
12470,chosen
12471,chosen
12472,chosen
12473,chosen
12474,chosen
12475,chosen
12476,chosen
12477,chosen
12478,chosen
12479,chosen
12480,chosen
12481,chosen
12482,chosen
12483,chosen
12484,chosen
12485,chosen
12486,chosen
12487,chosen
12488,chosen
12489,chosen
12490,chosen
12491,chosen
12492,chosen
12493,chosen
12494,chosen
12495,chosen
12496,chosen
12497,chosen
12498,chosen
12499,chosen
12500,chosen
12501,chosen
12502,chosen
12503,chosen
12504,chosen
12505,chosen
12506,chosen
12507,chosen
12508,chosen
12509,chosen
12510,chosen
12511,chosen
12512,chosen
12513,chosen
12514,chosen
12515,chosen
12516,chosen
12517,chosen
12518,chosen
12519,chosen
12520,chosen
12521,chosen
12522,chosen
12523,chosen
12524,chosen
12525,chosen
12526,chosen
12527,chosen
12528,chosen
12529,chosen
12530,chosen
12531,chosen
12532,chosen
12533,chosen
12534,chosen
12535,chosen
12536,chosen
12537,chosen
12538,chosen
12539,chosen
12540,chosen
12541,chosen
12542,chosen
12543,chosen
12544,chosen
12545,chosen
12546,chosen
12547,chosen
12548,chosen
12549,chosen
12550,chosen
12551,chosen
12552,chosen
12553,chosen
12554,chosen
12555,chosen
12556,chosen
12557,chosen
12558,chosen
12559,chosen
12560,chosen
12561,chosen
12562,chosen
12563,chosen
12564,chosen
12565,chosen
12566,chosen
12567,chosen
12568,chosen
12569,chosen
12570,chosen
12571,chosen
12572,chosen
12573,chosen
12574,chosen
12575,chosen
12576,chosen
12577,chosen
12578,chosen
12579,chosen
12580,chosen
12581,chosen
12582,chosen
12583,chosen
12584,chosen
12585,chosen
12586,chosen
12587,chosen
12588,chosen
12589,chosen
12590,chosen
12591,chosen
12592,chosen
12593,chosen
12594,chosen
12595,chosen
12596,chosen
12597,chosen
12598,chosen
12599,chosen
12600,chosen
12601,chosen
12602,chosen
12603,chosen
12604,chosen
12605,chosen
12606,chosen
12607,chosen
12608,chosen
12609,chosen
12610,chosen
12611,chosen
12612,chosen
12613,chosen
12614,chosen
12615,chosen
12616,chosen
12617,chosen
12618,chosen
12619,chosen
12620,chosen
12621,chosen
12622,chosen
12623,chosen
12624,chosen
12625,chosen
12626,chosen
12627,chosen
12628,chosen
12629,chosen
12630,chosen
12631,chosen
12632,chosen
12633,chosen
12634,chosen
12635,chosen
12636,chosen
12637,chosen
12638,chosen
12639,chosen
12640,chosen
12641,chosen
12642,chosen
12643,chosen
12644,chosen
12645,chosen
12646,chosen
12647,chosen
12648,chosen
12649,chosen
12650,chosen
12651,chosen
12652,chosen
12653,chosen
12654,chosen
12655,chosen
12656,chosen
12657,chosen
12658,chosen
12659,chosen
12660,chosen
12661,chosen
12662,chosen
12663,chosen
12664,chosen
12665,chosen
12666,chosen
12667,chosen
12668,chosen
12669,chosen
12670,chosen
12671,chosen
12672,chosen
12673,chosen
12674,chosen
12675,chosen
12676,chosen
12677,chosen
12678,chosen
12679,chosen
12680,chosen
12681,chosen
12682,chosen
12683,chosen
12684,chosen
12685,chosen
12686,chosen
12687,chosen
12688,chosen
12689,chosen
12690,chosen
12691,chosen
12692,chosen
12693,chosen
12694,chosen
12695,chosen
12696,chosen
12697,chosen
12698,chosen
12699,chosen
12700,chosen
12701,chosen
12702,chosen
12703,chosen
12704,chosen
12705,chosen
12706,chosen
12707,chosen
12708,chosen
12709,chosen
12710,chosen
12711,chosen
12712,chosen
12713,chosen
12714,chosen
12715,chosen
12716,chosen
12717,chosen
12718,chosen
12719,chosen
12720,chosen
12721,chosen
12722,chosen
12723,chosen
12724,chosen
12725,chosen
12726,chosen
12727,chosen
12728,chosen
12729,chosen
12730,chosen
12731,chosen
12732,chosen
12733,chosen
12734,chosen
12735,chosen
12736,chosen
12737,chosen
12738,chosen
12739,chosen
12740,chosen
12741,chosen
12742,chosen
12743,chosen
12744,chosen
12745,chosen
12746,chosen
12747,chosen
12748,chosen
12749,chosen
12750,chosen
12751,chosen
12752,chosen
12753,chosen
12754,chosen
12755,chosen
12756,chosen
12757,chosen
12758,chosen
12759,chosen
12760,chosen
12761,chosen
12762,chosen
12763,chosen
12764,chosen
12765,chosen
12766,chosen
12767,chosen
12768,chosen
12769,chosen
12770,chosen
12771,chosen
12772,chosen
12773,chosen
12774,chosen
12775,chosen
12776,chosen
12777,chosen
12778,chosen
12779,chosen
12780,chosen
12781,chosen
12782,chosen
12783,chosen
12784,chosen
12785,chosen
12786,chosen
12787,chosen
12788,chosen
12789,chosen
12790,chosen
12791,chosen
12792,chosen
12793,chosen
12794,chosen
12795,chosen
12796,chosen
12797,chosen
12798,chosen
12799,chosen
12800,chosen
12801,chosen
12802,chosen
12803,chosen
12804,chosen
12805,chosen
12806,chosen
12807,chosen
12808,chosen
12809,chosen
12810,chosen
12811,chosen
12812,chosen
12813,chosen
12814,chosen
12815,chosen
12816,chosen
12817,chosen
12818,chosen
12819,chosen
12820,chosen
12821,chosen
12822,chosen
12823,chosen
12824,chosen
12825,chosen
12826,chosen
12827,chosen
12828,chosen
12829,chosen
12830,chosen
12831,chosen
12832,chosen
12833,chosen
12834,chosen
12835,chosen
12836,chosen
12837,chosen
12838,chosen
12839,chosen
12840,chosen
12841,chosen
12842,chosen
12843,chosen
12844,chosen
12845,chosen
12846,chosen
12847,chosen
12848,chosen
12849,chosen
12850,chosen
12851,chosen
12852,chosen
12853,chosen
12854,chosen
12855,chosen
12856,chosen
12857,chosen
12858,chosen
12859,chosen
12860,chosen
12861,chosen
12862,chosen
12863,chosen
12864,chosen
12865,chosen
12866,chosen
12867,chosen
12868,chosen
12869,chosen
12870,chosen
12871,chosen
12872,chosen
12873,chosen
12874,chosen
12875,chosen
12876,chosen
12877,chosen
12878,chosen
12879,chosen
12880,chosen
12881,chosen
12882,chosen
12883,chosen
12884,chosen
12885,chosen
12886,chosen
12887,chosen
12888,chosen
12889,chosen
12890,chosen
12891,chosen
12892,chosen
12893,chosen
12894,chosen
12895,chosen
12896,chosen
12897,chosen
12898,chosen
12899,chosen
12900,chosen
12901,chosen
12902,chosen
12903,chosen
12904,chosen
12905,chosen
12906,chosen
12907,chosen
12908,chosen
12909,chosen
12910,chosen
12911,chosen
12912,chosen
12913,chosen
12914,chosen
12915,chosen
12916,chosen
12917,chosen
12918,chosen
12919,chosen
12920,chosen
12921,chosen
12922,chosen
12923,chosen
12924,chosen
12925,chosen
12926,chosen
12927,chosen
12928,chosen
12929,chosen
12930,chosen
12931,chosen
12932,chosen
12933,chosen
12934,chosen
12935,chosen
12936,chosen
12937,chosen
12938,chosen
12939,chosen
12940,chosen
12941,chosen
12942,chosen
12943,chosen
12944,chosen
12945,chosen
12946,chosen
12947,chosen
12948,chosen
12949,chosen
12950,chosen
12951,chosen
12952,chosen
12953,chosen
12954,chosen
12955,chosen
12956,chosen
12957,chosen
12958,chosen
12959,chosen
12960,chosen
12961,chosen
12962,chosen
12963,chosen
12964,chosen
12965,chosen
12966,chosen
12967,chosen
12968,chosen
12969,chosen
12970,chosen
12971,chosen
12972,chosen
12973,chosen
12974,chosen
12975,chosen
12976,chosen
12977,chosen
12978,chosen
12979,chosen
12980,chosen
12981,chosen
12982,chosen
12983,chosen
12984,chosen
12985,chosen
12986,chosen
12987,chosen
12988,chosen
12989,chosen
12990,chosen
12991,chosen
12992,chosen
12993,chosen
12994,chosen
12995,chosen
12996,chosen
12997,chosen
12998,chosen
12999,chosen
13000,chosen
13001,chosen
13002,chosen
13003,chosen
13004,chosen
13005,chosen
13006,chosen
13007,chosen
13008,chosen
13009,chosen
13010,chosen
13011,chosen
13012,chosen
13013,chosen
13014,chosen
13015,chosen
13016,chosen
13017,chosen
13018,chosen
13019,chosen
13020,chosen
13021,chosen
13022,chosen
13023,chosen
13024,chosen
13025,chosen
13026,chosen
13027,chosen
13028,chosen
13029,chosen
13030,chosen
13031,chosen
13032,chosen
13033,chosen
13034,chosen
13035,chosen
13036,chosen
13037,chosen
13038,chosen
13039,chosen
13040,chosen
13041,chosen
13042,chosen
13043,chosen
13044,chosen
13045,chosen
13046,chosen
13047,chosen
13048,chosen
13049,chosen
13050,chosen
13051,chosen
13052,chosen
13053,chosen
13054,chosen
13055,chosen
13056,chosen
13057,chosen
13058,chosen
13059,chosen
13060,chosen
13061,chosen
13062,chosen
13063,chosen
13064,chosen
13065,chosen
13066,chosen
13067,chosen
13068,chosen
13069,chosen
13070,chosen
13071,chosen
13072,chosen
13073,chosen
13074,chosen
13075,chosen
13076,chosen
13077,chosen
13078,chosen
13079,chosen
13080,chosen
13081,chosen
13082,chosen
13083,chosen
13084,chosen
13085,chosen
13086,chosen
13087,chosen
13088,chosen
13089,chosen
13090,chosen
13091,chosen
13092,chosen
13093,chosen
13094,chosen
13095,chosen
13096,chosen
13097,chosen
13098,chosen
13099,chosen
13100,chosen
13101,chosen
13102,chosen
13103,chosen
13104,chosen
13105,chosen
13106,chosen
13107,chosen
13108,chosen
13109,chosen
13110,chosen
13111,chosen
13112,chosen
13113,chosen
13114,chosen
13115,chosen
13116,chosen
13117,chosen
13118,chosen
13119,chosen
13120,chosen
13121,chosen
13122,chosen
13123,chosen
13124,chosen
13125,chosen
13126,chosen
13127,chosen
13128,chosen
13129,chosen
13130,chosen
13131,chosen
13132,chosen
13133,chosen
13134,chosen
13135,chosen
13136,chosen
13137,chosen
13138,chosen
13139,chosen
13140,chosen
13141,chosen
13142,chosen
13143,chosen
13144,chosen
13145,chosen
13146,chosen
13147,chosen
13148,chosen
13149,chosen
13150,chosen
13151,chosen
13152,chosen
13153,chosen
13154,chosen
13155,chosen
13156,chosen
13157,chosen
13158,chosen
13159,chosen
13160,chosen
13161,chosen
13162,chosen
13163,chosen
13164,chosen
13165,chosen
13166,chosen
13167,chosen
13168,chosen
13169,chosen
13170,chosen
13171,chosen
13172,chosen
13173,chosen
13174,chosen
13175,chosen
13176,chosen
13177,chosen
13178,chosen
13179,chosen
13180,chosen
13181,chosen
13182,chosen
13183,chosen
13184,chosen
13185,chosen
13186,chosen
13187,chosen
13188,chosen
13189,chosen
13190,chosen
13191,chosen
13192,chosen
13193,chosen
13194,chosen
13195,chosen
13196,chosen
13197,chosen
13198,chosen
13199,chosen
13200,chosen
13201,chosen
13202,chosen
13203,chosen
13204,chosen
13205,chosen
13206,chosen
13207,chosen
13208,chosen
13209,chosen
13210,chosen
13211,chosen
13212,chosen
13213,chosen
13214,chosen
13215,chosen
13216,chosen
13217,chosen
13218,chosen
13219,chosen
13220,chosen
13221,chosen
13222,chosen
13223,chosen
13224,chosen
13225,chosen
13226,chosen
13227,chosen
13228,chosen
13229,chosen
13230,chosen
13231,chosen
13232,chosen
13233,chosen
13234,chosen
13235,chosen
13236,chosen
13237,chosen
13238,chosen
13239,chosen
13240,chosen
13241,chosen
13242,chosen
13243,chosen
13244,chosen
13245,chosen
13246,chosen
13247,chosen
13248,chosen
13249,chosen
13250,chosen
13251,chosen
13252,chosen
13253,chosen
13254,chosen
13255,chosen
13256,chosen
13257,chosen
13258,chosen
13259,chosen
13260,chosen
13261,chosen
13262,chosen
13263,chosen
13264,chosen
13265,chosen
13266,chosen
13267,chosen
13268,chosen
13269,chosen
13270,chosen
13271,chosen
13272,chosen
13273,chosen
13274,chosen
13275,chosen
13276,chosen
13277,chosen
13278,chosen
13279,chosen
13280,chosen
13281,chosen
13282,chosen
13283,chosen
13284,chosen
13285,chosen
13286,chosen
13287,chosen
13288,chosen
13289,chosen
13290,chosen
13291,chosen
13292,chosen
13293,chosen
13294,chosen
13295,chosen
13296,chosen
13297,chosen
13298,chosen
13299,chosen
13300,chosen
13301,chosen
13302,chosen
13303,chosen
13304,chosen
13305,chosen
13306,chosen
13307,chosen
13308,chosen
13309,chosen
13310,chosen
13311,chosen
13312,chosen
13313,chosen
13314,chosen
13315,chosen
13316,chosen
13317,chosen
13318,chosen
13319,chosen
13320,chosen
13321,chosen
13322,chosen
13323,chosen
13324,chosen
13325,chosen
13326,chosen
13327,chosen
13328,chosen
13329,chosen
13330,chosen
13331,chosen
13332,chosen
13333,chosen
13334,chosen
13335,chosen
13336,chosen
13337,chosen
13338,chosen
13339,chosen
13340,chosen
13341,chosen
13342,chosen
13343,chosen
13344,chosen
13345,chosen
13346,chosen
13347,chosen
13348,chosen
13349,chosen
13350,chosen
13351,chosen
13352,chosen
13353,chosen
13354,chosen
13355,chosen
13356,chosen
13357,chosen
13358,chosen
13359,chosen
13360,chosen
13361,chosen
13362,chosen
13363,chosen
13364,chosen
13365,chosen
13366,chosen
13367,chosen
13368,chosen
13369,chosen
13370,chosen
13371,chosen
13372,chosen
13373,chosen
13374,chosen
13375,chosen
13376,chosen
13377,chosen
13378,chosen
13379,chosen
13380,chosen
13381,chosen
13382,chosen
13383,chosen
13384,chosen
13385,chosen
13386,chosen
13387,chosen
13388,chosen
13389,chosen
13390,chosen
13391,chosen
13392,chosen
13393,chosen
13394,chosen
13395,chosen
13396,chosen
13397,chosen
13398,chosen
13399,chosen
13400,chosen
13401,chosen
13402,chosen
13403,chosen
13404,chosen
13405,chosen
13406,chosen
13407,chosen
13408,chosen
13409,chosen
13410,chosen
13411,chosen
13412,chosen
13413,chosen
13414,chosen
13415,chosen
13416,chosen
13417,chosen
13418,chosen
13419,chosen
13420,chosen
13421,chosen
13422,chosen
13423,chosen
13424,chosen
13425,chosen
13426,chosen
13427,chosen
13428,chosen
13429,chosen
13430,chosen
13431,chosen
13432,chosen
13433,chosen
13434,chosen
13435,chosen
13436,chosen
13437,chosen
13438,chosen
13439,chosen
13440,chosen
13441,chosen
13442,chosen
13443,chosen
13444,chosen
13445,chosen
13446,chosen
13447,chosen
13448,chosen
13449,chosen
13450,chosen
13451,chosen
13452,chosen
13453,chosen
13454,chosen
13455,chosen
13456,chosen
13457,chosen
13458,chosen
13459,chosen
13460,chosen
13461,chosen
13462,chosen
13463,chosen
13464,chosen
13465,chosen
13466,chosen
13467,chosen
13468,chosen
13469,chosen
13470,chosen
13471,chosen
13472,chosen
13473,chosen
13474,chosen
13475,chosen
13476,chosen
13477,chosen
13478,chosen
13479,chosen
13480,chosen
13481,chosen
13482,chosen
13483,chosen
13484,chosen
13485,chosen
13486,chosen
13487,chosen
13488,chosen
13489,chosen
13490,chosen
13491,chosen
13492,chosen
13493,chosen
13494,chosen
13495,chosen
13496,chosen
13497,chosen
13498,chosen
13499,chosen
13500,chosen
13501,chosen
13502,chosen
13503,chosen
13504,chosen
13505,chosen
13506,chosen
13507,chosen
13508,chosen
13509,chosen
13510,chosen
13511,chosen
13512,chosen
13513,chosen
13514,chosen
13515,chosen
13516,chosen
13517,chosen
13518,chosen
13519,chosen
13520,chosen
13521,chosen
13522,chosen
13523,chosen
13524,chosen
13525,chosen
13526,chosen
13527,chosen
13528,chosen
13529,chosen
13530,chosen
13531,chosen
13532,chosen
13533,chosen
13534,chosen
13535,chosen
13536,chosen
13537,chosen
13538,chosen
13539,chosen
13540,chosen
13541,chosen
13542,chosen
13543,chosen
13544,chosen
13545,chosen
13546,chosen
13547,chosen
13548,chosen
13549,chosen
13550,chosen
13551,chosen
13552,chosen
13553,chosen
13554,chosen
13555,chosen
13556,chosen
13557,chosen
13558,chosen
13559,chosen
13560,chosen
13561,chosen
13562,chosen
13563,chosen
13564,chosen
13565,chosen
13566,chosen
13567,chosen
13568,chosen
13569,chosen
13570,chosen
13571,chosen
13572,chosen
13573,chosen
13574,chosen
13575,chosen
13576,chosen
13577,chosen
13578,chosen
13579,chosen
13580,chosen
13581,chosen
13582,chosen
13583,chosen
13584,chosen
13585,chosen
13586,chosen
13587,chosen
13588,chosen
13589,chosen
13590,chosen
13591,chosen
13592,chosen
13593,chosen
13594,chosen
13595,chosen
13596,chosen
13597,chosen
13598,chosen
13599,chosen
13600,chosen
13601,chosen
13602,chosen
13603,chosen
13604,chosen
13605,chosen
13606,chosen
13607,chosen
13608,chosen
13609,chosen
13610,chosen
13611,chosen
13612,chosen
13613,chosen
13614,chosen
13615,chosen
13616,chosen
13617,chosen
13618,chosen
13619,chosen
13620,chosen
13621,chosen
13622,chosen
13623,chosen
13624,chosen
13625,chosen
13626,chosen
13627,chosen
13628,chosen
13629,chosen
13630,chosen
13631,chosen
13632,chosen
13633,chosen
13634,chosen
13635,chosen
13636,chosen
13637,chosen
13638,chosen
13639,chosen
13640,chosen
13641,chosen
13642,chosen
13643,chosen
13644,chosen
13645,chosen
13646,chosen
13647,chosen
13648,chosen
13649,chosen
13650,chosen
13651,chosen
13652,chosen
13653,chosen
13654,chosen
13655,chosen
13656,chosen
13657,chosen
13658,chosen
13659,chosen
13660,chosen
13661,chosen
13662,chosen
13663,chosen
13664,chosen
13665,chosen
13666,chosen
13667,chosen
13668,chosen
13669,chosen
13670,chosen
13671,chosen
13672,chosen
13673,chosen
13674,chosen
13675,chosen
13676,chosen
13677,chosen
13678,chosen
13679,chosen
13680,chosen
13681,chosen
13682,chosen
13683,chosen
13684,chosen
13685,chosen
13686,chosen
13687,chosen
13688,chosen
13689,chosen
13690,chosen
13691,chosen
13692,chosen
13693,chosen
13694,chosen
13695,chosen
13696,chosen
13697,chosen
13698,chosen
13699,chosen
13700,chosen
13701,chosen
13702,chosen
13703,chosen
13704,chosen
13705,chosen
13706,chosen
13707,chosen
13708,chosen
13709,chosen
13710,chosen
13711,chosen
13712,chosen
13713,chosen
13714,chosen
13715,chosen
13716,chosen
13717,chosen
13718,chosen
13719,chosen
13720,chosen
13721,chosen
13722,chosen
13723,chosen
13724,chosen
13725,chosen
13726,chosen
13727,chosen
13728,chosen
13729,chosen
13730,chosen
13731,chosen
13732,chosen
13733,chosen
13734,chosen
13735,chosen
13736,chosen
13737,chosen
13738,chosen
13739,chosen
13740,chosen
13741,chosen
13742,chosen
13743,chosen
13744,chosen
13745,chosen
13746,chosen
13747,chosen
13748,chosen
13749,chosen
13750,chosen
13751,chosen
13752,chosen
13753,chosen
13754,chosen
13755,chosen
13756,chosen
13757,chosen
13758,chosen
13759,chosen
13760,chosen
13761,chosen
13762,chosen
13763,chosen
13764,chosen
13765,chosen
13766,chosen
13767,chosen
13768,chosen
13769,chosen
13770,chosen
13771,chosen
13772,chosen
13773,chosen
13774,chosen
13775,chosen
13776,chosen
13777,chosen
13778,chosen
13779,chosen
13780,chosen
13781,chosen
13782,chosen
13783,chosen
13784,chosen
13785,chosen
13786,chosen
13787,chosen
13788,chosen
13789,chosen
13790,chosen
13791,chosen
13792,chosen
13793,chosen
13794,chosen
13795,chosen
13796,chosen
13797,chosen
13798,chosen
13799,chosen
13800,chosen
13801,chosen
13802,chosen
13803,chosen
13804,chosen
13805,chosen
13806,chosen
13807,chosen
13808,chosen
13809,chosen
13810,chosen
13811,chosen
13812,chosen
13813,chosen
13814,chosen
13815,chosen
13816,chosen
13817,chosen
13818,chosen
13819,chosen
13820,chosen
13821,chosen
13822,chosen
13823,chosen
13824,chosen
13825,chosen
13826,chosen
13827,chosen
13828,chosen
13829,chosen
13830,chosen
13831,chosen
13832,chosen
13833,chosen
13834,chosen
13835,chosen
13836,chosen
13837,chosen
13838,chosen
13839,chosen
13840,chosen
13841,chosen
13842,chosen
13843,chosen
13844,chosen
13845,chosen
13846,chosen
13847,chosen
13848,chosen
13849,chosen
13850,chosen
13851,chosen
13852,chosen
13853,chosen
13854,chosen
13855,chosen
13856,chosen
13857,chosen
13858,chosen
13859,chosen
13860,chosen
13861,chosen
13862,chosen
13863,chosen
13864,chosen
13865,chosen
13866,chosen
13867,chosen
13868,chosen
13869,chosen
13870,chosen
13871,chosen
13872,chosen
13873,chosen
13874,chosen
13875,chosen
13876,chosen
13877,chosen
13878,chosen
13879,chosen
13880,chosen
13881,chosen
13882,chosen
13883,chosen
13884,chosen
13885,chosen
13886,chosen
13887,chosen
13888,chosen
13889,chosen
13890,chosen
13891,chosen
13892,chosen
13893,chosen
13894,chosen
13895,chosen
13896,chosen
13897,chosen
13898,chosen
13899,chosen
13900,chosen
13901,chosen
13902,chosen
13903,chosen
13904,chosen
13905,chosen
13906,chosen
13907,chosen
13908,chosen
13909,chosen
13910,chosen
13911,chosen
13912,chosen
13913,chosen
13914,chosen
13915,chosen
13916,chosen
13917,chosen
13918,chosen
13919,chosen
13920,chosen
13921,chosen
13922,chosen
13923,chosen
13924,chosen
13925,chosen
13926,chosen
13927,chosen
13928,chosen
13929,chosen
13930,chosen
13931,chosen
13932,chosen
13933,chosen
13934,chosen
13935,chosen
13936,chosen
13937,chosen
13938,chosen
13939,chosen
13940,chosen
13941,chosen
13942,chosen
13943,chosen
13944,chosen
13945,chosen
13946,chosen
13947,chosen
13948,chosen
13949,chosen
13950,chosen
13951,chosen
13952,chosen
13953,chosen
13954,chosen
13955,chosen
13956,chosen
13957,chosen
13958,chosen
13959,chosen
13960,chosen
13961,chosen
13962,chosen
13963,chosen
13964,chosen
13965,chosen
13966,chosen
13967,chosen
13968,chosen
13969,chosen
13970,chosen
13971,chosen
13972,chosen
13973,chosen
13974,chosen
13975,chosen
13976,chosen
13977,chosen
13978,chosen
13979,chosen
13980,chosen
13981,chosen
13982,chosen
13983,chosen
13984,chosen
13985,chosen
13986,chosen
13987,chosen
13988,chosen
13989,chosen
13990,chosen
13991,chosen
13992,chosen
13993,chosen
13994,chosen
13995,chosen
13996,chosen
13997,chosen
13998,chosen
13999,chosen
14000,chosen
14001,chosen
14002,chosen
14003,chosen
14004,chosen
14005,chosen
14006,chosen
14007,chosen
14008,chosen
14009,chosen
14010,chosen
14011,chosen
14012,chosen
14013,chosen
14014,chosen
14015,chosen
14016,chosen
14017,chosen
14018,chosen
14019,chosen
14020,chosen
14021,chosen
14022,chosen
14023,chosen
14024,chosen
14025,chosen
14026,chosen
14027,chosen
14028,chosen
14029,chosen
14030,chosen
14031,chosen
14032,chosen
14033,chosen
14034,chosen
14035,chosen
14036,chosen
14037,chosen
14038,chosen
14039,chosen
14040,chosen
14041,chosen
14042,chosen
14043,chosen
14044,chosen
14045,chosen
14046,chosen
14047,chosen
14048,chosen
14049,chosen
14050,chosen
14051,chosen
14052,chosen
14053,chosen
14054,chosen
14055,chosen
14056,chosen
14057,chosen
14058,chosen
14059,chosen
14060,chosen
14061,chosen
14062,chosen
14063,chosen
14064,chosen
14065,chosen
14066,chosen
14067,chosen
14068,chosen
14069,chosen
14070,chosen
14071,chosen
14072,chosen
14073,chosen
14074,chosen
14075,chosen
14076,chosen
14077,chosen
14078,chosen
14079,chosen
14080,chosen
14081,chosen
14082,chosen
14083,chosen
14084,chosen
14085,chosen
14086,chosen
14087,chosen
14088,chosen
14089,chosen
14090,chosen
14091,chosen
14092,chosen
14093,chosen
14094,chosen
14095,chosen
14096,chosen
14097,chosen
14098,chosen
14099,chosen
14100,chosen
14101,chosen
14102,chosen
14103,chosen
14104,chosen
14105,chosen
14106,chosen
14107,chosen
14108,chosen
14109,chosen
14110,chosen
14111,chosen
14112,chosen
14113,chosen
14114,chosen
14115,chosen
14116,chosen
14117,chosen
14118,chosen
14119,chosen
14120,chosen
14121,chosen
14122,chosen
14123,chosen
14124,chosen
14125,chosen
14126,chosen
14127,chosen
14128,chosen
14129,chosen
14130,chosen
14131,chosen
14132,chosen
14133,chosen
14134,chosen
14135,chosen
14136,chosen
14137,chosen
14138,chosen
14139,chosen
14140,chosen
14141,chosen
14142,chosen
14143,chosen
14144,chosen
14145,chosen
14146,chosen
14147,chosen
14148,chosen
14149,chosen
14150,chosen
14151,chosen
14152,chosen
14153,chosen
14154,chosen
14155,chosen
14156,chosen
14157,chosen
14158,chosen
14159,chosen
14160,chosen
14161,chosen
14162,chosen
14163,chosen
14164,chosen
14165,chosen
14166,chosen
14167,chosen
14168,chosen
14169,chosen
14170,chosen
14171,chosen
14172,chosen
14173,chosen
14174,chosen
14175,chosen
14176,chosen
14177,chosen
14178,chosen
14179,chosen
14180,chosen
14181,chosen
14182,chosen
14183,chosen
14184,chosen
14185,chosen
14186,chosen
14187,chosen
14188,chosen
14189,chosen
14190,chosen
14191,chosen
14192,chosen
14193,chosen
14194,chosen
14195,chosen
14196,chosen
14197,chosen
14198,chosen
14199,chosen
14200,chosen
14201,chosen
14202,chosen
14203,chosen
14204,chosen
14205,chosen
14206,chosen
14207,chosen
14208,chosen
14209,chosen
14210,chosen
14211,chosen
14212,chosen
14213,chosen
14214,chosen
14215,chosen
14216,chosen
14217,chosen
14218,chosen
14219,chosen
14220,chosen
14221,chosen
14222,chosen
14223,chosen
14224,chosen
14225,chosen
14226,chosen
14227,chosen
14228,chosen
14229,chosen
14230,chosen
14231,chosen
14232,chosen
14233,chosen
14234,chosen
14235,chosen
14236,chosen
14237,chosen
14238,chosen
14239,chosen
14240,chosen
14241,chosen
14242,chosen
14243,chosen
14244,chosen
14245,chosen
14246,chosen
14247,chosen
14248,chosen
14249,chosen
14250,chosen
14251,chosen
14252,chosen
14253,chosen
14254,chosen
14255,chosen
14256,chosen
14257,chosen
14258,chosen
14259,chosen
14260,chosen
14261,chosen
14262,chosen
14263,chosen
14264,chosen
14265,chosen
14266,chosen
14267,chosen
14268,chosen
14269,chosen
14270,chosen
14271,chosen
14272,chosen
14273,chosen
14274,chosen
14275,chosen
14276,chosen
14277,chosen
14278,chosen
14279,chosen
14280,chosen
14281,chosen
14282,chosen
14283,chosen
14284,chosen
14285,chosen
14286,chosen
14287,chosen
14288,chosen
14289,chosen
14290,chosen
14291,chosen
14292,chosen
14293,chosen
14294,chosen
14295,chosen
14296,chosen
14297,chosen
14298,chosen
14299,chosen
14300,chosen
14301,chosen
14302,chosen
14303,chosen
14304,chosen
14305,chosen
14306,chosen
14307,chosen
14308,chosen
14309,chosen
14310,chosen
14311,chosen
14312,chosen
14313,chosen
14314,chosen
14315,chosen
14316,chosen
14317,chosen
14318,chosen
14319,chosen
14320,chosen
14321,chosen
14322,chosen
14323,chosen
14324,chosen
14325,chosen
14326,chosen
14327,chosen
14328,chosen
14329,chosen
14330,chosen
14331,chosen
14332,chosen
14333,chosen
14334,chosen
14335,chosen
14336,chosen
14337,chosen
14338,chosen
14339,chosen
14340,chosen
14341,chosen
14342,chosen
14343,chosen
14344,chosen
14345,chosen
14346,chosen
14347,chosen
14348,chosen
14349,chosen
14350,chosen
14351,chosen
14352,chosen
14353,chosen
14354,chosen
14355,chosen
14356,chosen
14357,chosen
14358,chosen
14359,chosen
14360,chosen
14361,chosen
14362,chosen
14363,chosen
14364,chosen
14365,chosen
14366,chosen
14367,chosen
14368,chosen
14369,chosen
14370,chosen
14371,chosen
14372,chosen
14373,chosen
14374,chosen
14375,chosen
14376,chosen
14377,chosen
14378,chosen
14379,chosen
14380,chosen
14381,chosen
14382,chosen
14383,chosen
14384,chosen
14385,chosen
14386,chosen
14387,chosen
14388,chosen
14389,chosen
14390,chosen
14391,chosen
14392,chosen
14393,chosen
14394,chosen
14395,chosen
14396,chosen
14397,chosen
14398,chosen
14399,chosen
14400,chosen
14401,chosen
14402,chosen
14403,chosen
14404,chosen
14405,chosen
14406,chosen
14407,chosen
14408,chosen
14409,chosen
14410,chosen
14411,chosen
14412,chosen
14413,chosen
14414,chosen
14415,chosen
14416,chosen
14417,chosen
14418,chosen
14419,chosen
14420,chosen
14421,chosen
14422,chosen
14423,chosen
14424,chosen
14425,chosen
14426,chosen
14427,chosen
14428,chosen
14429,chosen
14430,chosen
14431,chosen
14432,chosen
14433,chosen
14434,chosen
14435,chosen
14436,chosen
14437,chosen
14438,chosen
14439,chosen
14440,chosen
14441,chosen
14442,chosen
14443,chosen
14444,chosen
14445,chosen
14446,chosen
14447,chosen
14448,chosen
14449,chosen
14450,chosen
14451,chosen
14452,chosen
14453,chosen
14454,chosen
14455,chosen
14456,chosen
14457,chosen
14458,chosen
14459,chosen
14460,chosen
14461,chosen
14462,chosen
14463,chosen
14464,chosen
14465,chosen
14466,chosen
14467,chosen
14468,chosen
14469,chosen
14470,chosen
14471,chosen
14472,chosen
14473,chosen
14474,chosen
14475,chosen
14476,chosen
14477,chosen
14478,chosen
14479,chosen
14480,chosen
14481,chosen
14482,chosen
14483,chosen
14484,chosen
14485,chosen
14486,chosen
14487,chosen
14488,chosen
14489,chosen
14490,chosen
14491,chosen
14492,chosen
14493,chosen
14494,chosen
14495,chosen
14496,chosen
14497,chosen
14498,chosen
14499,chosen
14500,chosen
14501,chosen
14502,chosen
14503,chosen
14504,chosen
14505,chosen
14506,chosen
14507,chosen
14508,chosen
14509,chosen
14510,chosen
14511,chosen
14512,chosen
14513,chosen
14514,chosen
14515,chosen
14516,chosen
14517,chosen
14518,chosen
14519,chosen
14520,chosen
14521,chosen
14522,chosen
14523,chosen
14524,chosen
14525,chosen
14526,chosen
14527,chosen
14528,chosen
14529,chosen
14530,chosen
14531,chosen
14532,chosen
14533,chosen
14534,chosen
14535,chosen
14536,chosen
14537,chosen
14538,chosen
14539,chosen
14540,chosen
14541,chosen
14542,chosen
14543,chosen
14544,chosen
14545,chosen
14546,chosen
14547,chosen
14548,chosen
14549,chosen
14550,chosen
14551,chosen
14552,chosen
14553,chosen
14554,chosen
14555,chosen
14556,chosen
14557,chosen
14558,chosen
14559,chosen
14560,chosen
14561,chosen
14562,chosen
14563,chosen
14564,chosen
14565,chosen
14566,chosen
14567,chosen
14568,chosen
14569,chosen
14570,chosen
14571,chosen
14572,chosen
14573,chosen
14574,chosen
14575,chosen
14576,chosen
14577,chosen
14578,chosen
14579,chosen
14580,chosen
14581,chosen
14582,chosen
14583,chosen
14584,chosen
14585,chosen
14586,chosen
14587,chosen
14588,chosen
14589,chosen
14590,chosen
14591,chosen
14592,chosen
14593,chosen
14594,chosen
14595,chosen
14596,chosen
14597,chosen
